{"cameraMode":{"drawMode":0,"name":"Shaded","section":"Shading Mode"},"sceneLighting":false,"audioPlay":false,"sceneViewState":{"showFog":true,"showMaterialUpdate":false,"showSkybox":true,"showFlares":true,"showImageEffects":true,"showParticleSystems":true},"in2DMode":false,"pivot":{"x":-40.98200225830078,"y":5.400000095367432,"z":1.5880000591278077},"rotation":{"x":-0.08644452691078186,"y":0.8953489661216736,"z":-0.38894519209861758,"w":-0.19899576902389527},"size":25.004077911376954,"orthographic":false}