{"cameraMode":{"drawMode":0,"name":"Shaded","section":"Shading Mode"},"sceneLighting":false,"audioPlay":false,"sceneViewState":{"showFog":true,"showMaterialUpdate":false,"showSkybox":true,"showFlares":true,"showImageEffects":true,"showParticleSystems":true},"in2DMode":false,"pivot":{"x":28.01200294494629,"y":-4.529094696044922,"z":56.48659896850586},"rotation":{"x":0.03586096316576004,"y":0.15526050329208375,"z":-0.005640021059662104,"w":0.9872063994407654},"size":6.739339828491211,"orthographic":false}