{"cameraMode":{"drawMode":0,"name":"Shaded","section":"Shading Mode"},"sceneLighting":false,"audioPlay":false,"sceneViewState":{"showFog":false,"showMaterialUpdate":false,"showSkybox":false,"showFlares":false,"showImageEffects":false,"showParticleSystems":true},"in2DMode":false,"pivot":{"x":-20.37284278869629,"y":6.566829204559326,"z":86.78657531738281},"rotation":{"x":0.14117811620235444,"y":-0.8581862449645996,"z":0.3307077884674072,"w":0.36635705828666689},"size":5.842695713043213,"orthographic":false}