{"cameraMode":{"drawMode":0,"name":"Shaded","section":"Shading Mode"},"sceneLighting":false,"audioPlay":false,"sceneViewState":{"showFog":false,"showMaterialUpdate":false,"showSkybox":false,"showFlares":false,"showImageEffects":false,"showParticleSystems":true},"in2DMode":false,"pivot":{"x":0.04798853397369385,"y":2.288830041885376,"z":-0.49299871921539309},"rotation":{"x":0.1063736081123352,"y":0.8932194113731384,"z":-0.32282811403274538,"w":0.29432255029678347},"size":4.455262660980225,"orthographic":false}