{"cameraMode":{"drawMode":0,"name":"Shaded","section":"Shading Mode"},"sceneLighting":true,"audioPlay":false,"sceneViewState":{"showFog":false,"showMaterialUpdate":false,"showSkybox":false,"showFlares":false,"showImageEffects":false,"showParticleSystems":true},"in2DMode":false,"pivot":{"x":-11.099998474121094,"y":35.0,"z":56.29999542236328},"rotation":{"x":0.1556437611579895,"y":0.13700780272483827,"z":-0.02180301956832409,"w":0.9780227541923523},"size":184.47560119628907,"orthographic":true}