{"cameraMode":{"drawMode":0,"name":"Shaded","section":"Shading Mode"},"sceneLighting":false,"audioPlay":false,"sceneViewState":{"showFog":false,"showMaterialUpdate":false,"showSkybox":false,"showFlares":false,"showImageEffects":false,"showParticleSystems":true},"in2DMode":false,"pivot":{"x":-3.4773178100585939,"y":2.0234832763671877,"z":-5.514439582824707},"rotation":{"x":0.12922687828540803,"y":-0.13522739708423615,"z":0.01779249496757984,"w":0.9821901321411133},"size":27.30987548828125,"orthographic":true}