{"cameraMode":{"drawMode":0,"name":"Shaded","section":"Shading Mode"},"sceneLighting":true,"audioPlay":false,"sceneViewState":{"m_AlwaysRefresh":false,"showFog":true,"showSkybox":true,"showFlares":true,"showImageEffects":true,"showParticleSystems":true,"showVisualEffectGraphs":true,"m_FxEnabled":true},"in2DMode":false,"pivot":{"x":1.9136959314346314,"y":8.624832153320313,"z":14.428518295288086},"rotation":{"x":-0.014081195928156376,"y":-0.979729175567627,"z":0.18476560711860658,"w":-0.08047006279230118},"size":17.991287231445314,"orthographic":false}